ClaimNo,AccidentDate,ReportDate,CloseDate,Status,Paid,Outstanding,Incurred
38138,10/1/2017,3/21/2017,7/24/2017,CLOSED,4533.115817,0,4533.115817
38140,8/1/2017,2/20/2017,7/13/2017,CLOSED,2984.268178,0,2984.268178
38141,2/1/2017,1/7/2017,9/7/2017,CLOSED,7197.433065,0,7197.433065
38142,7/1/2017,1/23/2017,2/7/2017,CLOSED,7000,0,7000
38143,15/1/2017,5/17/2017,7/24/2017,CLOSED,2924.542595,0,2924.542595
38144,4/1/2017,2/7/2017,9/20/2017,CLOSED,4520.400853,0,4520.400853
38145,17/1/2017,6/30/2017,11/27/2017,CLOSED,0,0,0
38147,1/1/2017,6/2/2017,12/5/2017,CLOSED,14540.06771,0,14540.06771
38152,5/1/2017,3/17/2017,6/23/2017,CLOSED,4096.394284,0,4096.394284
38154,17/1/2017,2/11/2017,4/8/2017,CLOSED,6426.044966,0,6426.044966
38157,5/1/2017,6/8/2017,12/12/2017,CLOSED,3873.094721,0,3873.094721
38158,26/1/2017,2/9/2017,3/15/2017,CLOSED,10686.22942,0,10686.22942
38159,20/1/2017,2/1/2017,4/9/2017,CLOSED,5889.792163,0,5889.792163
38160,5/1/2017,2/22/2017,4/8/2017,CLOSED,7000,0,7000
38161,27/1/2017,4/1/2017,10/18/2017,CLOSED,5891.671872,0,5891.671872
38162,13/1/2017,2/12/2017,11/21/2017,CLOSED,5098.597354,0,5098.597354
38163,10/1/2017,1/28/2017,12/10/2017,CLOSED,7000,0,7000
38166,10/1/2017,2/18/2017,6/18/2017,CLOSED,5625.104168,0,5625.104168
38167,2/1/2017,2/21/2017,11/8/2017,CLOSED,4872.785864,0,4872.785864
38170,16/1/2017,5/9/2017,5/16/2017,CLOSED,7000,0,7000
38173,16/1/2017,8/1/2017,8/2/2017,CLOSED,7000,0,7000
38175,22/1/2017,7/26/2017,9/30/2017,CLOSED,10502.32504,0,10502.32504
38176,6/1/2017,2/20/2017,11/19/2017,CLOSED,3341.371128,0,3341.371128
38177,26/1/2017,2/6/2017,3/31/2017,CLOSED,7000,0,7000
38178,30/1/2017,2/4/2017,3/6/2017,CLOSED,14000,0,14000
38180,5/1/2017,5/5/2017,9/15/2017,CLOSED,5564.100528,0,5564.100528
38183,19/1/2017,5/17/2017,8/9/2017,CLOSED,4483.553317,0,4483.553317
38184,2/1/2017,2/19/2017,10/17/2017,CLOSED,8345.550829,0,8345.550829
38186,9/1/2017,1/18/2017,4/22/2017,CLOSED,14000,0,14000
38192,1/1/2017,4/3/2017,12/3/2017,CLOSED,6451.71821,0,6451.71821
38193,22/1/2017,3/28/2017,11/30/2017,CLOSED,8589.015346,0,8589.015346
38194,23/1/2017,4/20/2017,10/26/2017,CLOSED,14000,0,14000
38195,8/1/2017,1/20/2017,2/9/2017,CLOSED,19000,0,19000
38197,11/1/2017,4/12/2017,12/16/2017,CLOSED,18222.14916,0,18222.14916
38199,11/1/2017,3/1/2017,6/5/2017,CLOSED,19000,0,19000
38200,3/1/2017,1/20/2017,3/10/2017,CLOSED,0,0,0
38202,9/1/2017,1/24/2017,11/29/2017,CLOSED,5201.326339,0,5201.326339
38203,3/1/2017,2/12/2017,3/20/2017,CLOSED,2066.26623,0,2066.26623
38204,6/1/2017,4/14/2017,7/2/2017,CLOSED,5091.276226,0,5091.276226
38205,11/1/2017,6/21/2017,11/9/2017,CLOSED,6459.654818,0,6459.654818
38207,18/1/2017,3/22/2017,3/31/2017,CLOSED,6337.856157,0,6337.856157
38209,17/1/2017,1/19/2017,6/1/2017,CLOSED,15873.14611,0,15873.14611
38211,8/1/2017,4/8/2017,10/12/2017,CLOSED,5935.660191,0,5935.660191
38212,12/1/2017,1/17/2017,4/23/2017,CLOSED,5616.216224,0,5616.216224
38213,1/1/2017,1/4/2017,3/2/2017,CLOSED,7580.727931,0,7580.727931
38215,21/1/2017,3/17/2017,12/31/2017,CLOSED,7000,0,7000
38218,2/1/2017,2/22/2017,6/7/2017,CLOSED,7000,0,7000
38219,8/1/2017,5/4/2017,6/23/2017,CLOSED,14000,0,14000
38220,7/1/2017,2/15/2017,10/21/2017,CLOSED,0,0,0
38221,23/1/2017,1/24/2017,12/29/2017,CLOSED,17844.21112,0,17844.21112
38225,5/1/2017,1/13/2017,7/7/2017,CLOSED,6115.49144,0,6115.49144
38227,21/1/2017,3/14/2017,3/19/2017,CLOSED,14000,0,14000
38228,30/1/2017,3/20/2017,12/16/2017,CLOSED,10262.44197,0,10262.44197
38229,17/1/2017,6/21/2017,11/5/2017,CLOSED,1713.173066,0,1713.173066
38230,7/1/2017,4/14/2017,9/10/2017,CLOSED,1775.115563,0,1775.115563
38231,24/1/2017,6/12/2017,8/4/2017,CLOSED,7601.000566,0,7601.000566
38234,3/1/2017,5/28/2017,11/18/2017,CLOSED,5738.195714,0,5738.195714
38236,2/1/2017,1/21/2017,10/18/2017,CLOSED,7733.919272,0,7733.919272
38245,24/1/2017,2/28/2017,3/18/2017,CLOSED,1550.290895,0,1550.290895
38246,14/1/2017,1/28/2017,7/6/2017,CLOSED,0,0,0
38247,4/1/2017,4/28/2017,5/9/2017,CLOSED,14000,0,14000
38248,1/1/2017,3/22/2017,3/26/2017,CLOSED,7000,0,7000
38250,12/1/2017,11/5/2017,11/14/2017,CLOSED,977.3104238,0,977.3104238
38256,24/1/2017,1/29/2017,4/1/2017,CLOSED,7000,0,7000
38258,2/1/2017,4/15/2017,8/21/2017,CLOSED,6518.59775,0,6518.59775
38260,21/1/2017,2/25/2017,3/14/2017,CLOSED,3715.36491,0,3715.36491
38261,16/1/2017,4/19/2017,4/24/2017,CLOSED,5182.633813,0,5182.633813
38263,27/1/2017,3/19/2017,12/10/2017,CLOSED,14000,0,14000
38266,18/1/2017,2/10/2017,10/4/2017,CLOSED,3568.230813,0,3568.230813
38269,14/1/2017,3/13/2017,8/5/2017,CLOSED,11520.26718,0,11520.26718
38275,1/1/2017,4/12/2017,5/31/2017,CLOSED,7000,0,7000
38276,7/1/2017,1/20/2017,6/24/2017,CLOSED,2000.838534,0,2000.838534
38279,25/1/2017,5/4/2017,11/16/2017,CLOSED,4900.271361,0,4900.271361
38282,14/1/2017,7/16/2017,9/17/2017,CLOSED,4578.430351,0,4578.430351
38287,16/1/2017,3/5/2017,7/24/2017,CLOSED,18419.35952,0,18419.35952
38289,23/1/2017,5/12/2017,8/9/2017,CLOSED,14000,0,14000
38290,22/1/2017,2/25/2017,3/16/2017,CLOSED,0,0,0
38291,19/1/2017,2/9/2017,5/5/2017,CLOSED,2639.488554,0,2639.488554
38292,28/1/2017,5/25/2017,6/18/2017,CLOSED,6114.603737,0,6114.603737
38294,26/1/2017,4/9/2017,10/31/2017,CLOSED,5748.500879,0,5748.500879
38295,26/1/2017,3/8/2017,6/7/2017,CLOSED,0,0,0
38297,5/1/2017,3/6/2017,8/26/2017,CLOSED,7163.253274,0,7163.253274
38303,7/1/2017,2/9/2017,11/16/2017,CLOSED,13253.09087,0,13253.09087
38304,14/1/2017,3/15/2017,7/12/2017,CLOSED,13309.80231,0,13309.80231
38305,25/1/2017,5/16/2017,5/17/2017,CLOSED,17820.11382,0,17820.11382
38307,27/1/2017,3/24/2017,12/26/2017,CLOSED,11901.15166,0,11901.15166
38309,12/1/2017,2/28/2017,4/19/2017,CLOSED,6229.360728,0,6229.360728
38312,8/1/2017,1/31/2017,10/8/2017,CLOSED,0,0,0
38313,4/1/2017,1/18/2017,8/14/2017,CLOSED,19000,0,19000
38318,23/1/2017,4/21/2017,7/27/2017,CLOSED,7274.215203,0,7274.215203
38319,14/1/2017,3/10/2017,3/14/2017,CLOSED,14000,0,14000
38321,25/1/2017,2/16/2017,5/3/2017,CLOSED,17855.57842,0,17855.57842
38322,30/1/2017,7/23/2017,11/27/2017,CLOSED,3769.933383,0,3769.933383
38324,22/1/2017,4/2/2017,7/25/2017,CLOSED,8562.362907,0,8562.362907
38325,25/1/2017,4/13/2017,8/19/2017,CLOSED,9998.435611,0,9998.435611
38326,25/1/2017,4/29/2017,5/18/2017,CLOSED,7000,0,7000
38327,26/1/2017,2/6/2017,7/17/2017,CLOSED,3990.231273,0,3990.231273
38332,25/1/2017,6/10/2017,9/18/2017,CLOSED,0,0,0
38335,19/1/2017,5/31/2017,9/24/2017,CLOSED,1733.900875,0,1733.900875
38336,11/1/2017,6/12/2017,10/5/2017,CLOSED,5494.594489,0,5494.594489
38338,24/1/2017,2/24/2017,9/24/2017,CLOSED,2127.76277,0,2127.76277
38339,11/1/2017,1/22/2017,1/30/2017,CLOSED,0,0,0
38344,2/1/2017,6/9/2017,8/5/2017,CLOSED,4541.399662,0,4541.399662
38347,8/1/2017,3/30/2017,5/14/2017,CLOSED,7000,0,7000
38348,4/1/2017,3/10/2017,10/18/2017,CLOSED,9795.964872,0,9795.964872
38351,18/1/2017,2/17/2017,7/9/2017,CLOSED,10778.48869,0,10778.48869
38352,27/1/2017,2/23/2017,5/6/2017,CLOSED,6627.705316,0,6627.705316
38354,11/1/2017,3/7/2017,11/5/2017,CLOSED,3606.005731,0,3606.005731
38355,23/1/2017,2/4/2017,10/3/2017,CLOSED,11079.48944,0,11079.48944
38358,12/1/2017,2/15/2017,7/18/2017,CLOSED,9410.048584,0,9410.048584
38360,28/1/2017,2/1/2017,3/25/2017,CLOSED,7000,0,7000
38362,26/1/2017,4/25/2017,11/24/2017,CLOSED,0,0,0
38365,12/1/2017,2/12/2017,9/11/2017,CLOSED,14000,0,14000
38366,20/1/2017,2/24/2017,5/21/2017,CLOSED,3272.079815,0,3272.079815
38367,6/1/2017,2/13/2017,12/21/2017,CLOSED,5207.251558,0,5207.251558
38372,29/1/2017,4/1/2017,7/31/2017,CLOSED,7000,0,7000
38373,8/1/2017,6/9/2017,12/18/2017,CLOSED,4900.780565,0,4900.780565
38375,11/1/2017,3/18/2017,3/19/2017,CLOSED,4246.346265,0,4246.346265
38376,18/1/2017,5/14/2017,7/15/2017,CLOSED,7000,0,7000
38377,25/1/2017,3/29/2017,12/14/2017,CLOSED,5741.776419,0,5741.776419
38382,2/1/2017,1/7/2017,10/18/2017,CLOSED,10402.09451,0,10402.09451
38383,28/1/2017,1/29/2017,8/24/2017,CLOSED,6777.839136,0,6777.839136
38384,9/1/2017,2/12/2017,3/14/2017,CLOSED,12406.52485,0,12406.52485
38386,24/1/2017,2/19/2017,4/26/2017,CLOSED,10185.1513,0,10185.1513
38387,6/1/2017,5/7/2017,7/1/2017,CLOSED,5026.112254,0,5026.112254
38388,26/1/2017,2/1/2017,4/20/2017,CLOSED,19000,0,19000
38390,13/1/2017,2/7/2017,4/1/2017,CLOSED,7574.465894,0,7574.465894
38393,12/1/2017,6/22/2017,12/28/2017,CLOSED,7000,0,7000
38395,23/1/2017,3/1/2017,4/23/2017,CLOSED,3274.510897,0,3274.510897
38396,26/1/2017,9/6/2017,12/22/2017,CLOSED,7000,0,7000
38397,28/1/2017,1/29/2017,5/25/2017,CLOSED,8284.094926,0,8284.094926
38400,30/1/2017,3/17/2017,4/22/2017,CLOSED,6760.276841,0,6760.276841
38402,3/1/2017,4/16/2017,10/23/2017,CLOSED,5486.353821,0,5486.353821
38403,13/1/2017,2/5/2017,11/16/2017,CLOSED,8764.637971,0,8764.637971
38404,25/1/2017,6/2/2017,9/28/2017,CLOSED,9947.583051,0,9947.583051
38407,10/1/2017,6/30/2017,7/7/2017,CLOSED,1486.911249,0,1486.911249
38412,23/1/2017,7/1/2017,10/17/2017,CLOSED,3233.407761,0,3233.407761
38414,22/1/2017,1/29/2017,7/22/2017,CLOSED,6462.872945,0,6462.872945
38418,2/1/2017,1/27/2017,6/25/2017,CLOSED,6176.366013,0,6176.366013
38421,7/1/2017,1/29/2017,5/14/2017,CLOSED,5824.249196,0,5824.249196
38422,18/1/2017,3/20/2017,10/29/2017,CLOSED,7997.747111,0,7997.747111
38424,20/1/2017,6/25/2017,7/16/2017,CLOSED,19000,0,19000
38426,6/1/2017,1/17/2017,8/4/2017,CLOSED,7697.383827,0,7697.383827
38428,20/1/2017,3/5/2017,8/21/2017,CLOSED,1491.513015,0,1491.513015
38435,29/1/2017,8/28/2017,8/30/2017,CLOSED,6000.093562,0,6000.093562
38436,4/1/2017,1/21/2017,1/24/2017,CLOSED,8337.875863,0,8337.875863
38438,14/1/2017,3/23/2017,8/29/2017,CLOSED,6430.403543,0,6430.403543
38439,15/1/2017,3/17/2017,9/14/2017,CLOSED,4207.652556,0,4207.652556
38440,16/1/2017,3/14/2017,6/19/2017,CLOSED,2584.62438,0,2584.62438
38442,29/1/2017,10/22/2017,11/1/2017,CLOSED,0,0,0
38443,13/1/2017,2/18/2017,5/25/2017,CLOSED,8976.235768,0,8976.235768
38450,7/1/2017,4/29/2017,10/15/2017,CLOSED,7000,0,7000
38453,4/1/2017,2/3/2017,6/7/2017,CLOSED,3614.675381,0,3614.675381
38455,28/1/2017,5/20/2017,12/21/2017,CLOSED,9927.351224,0,9927.351224
38456,9/1/2017,2/20/2017,8/1/2017,CLOSED,3674.100179,0,3674.100179
38457,15/1/2017,6/10/2017,12/19/2017,CLOSED,7874.87907,0,7874.87907
38459,18/1/2017,2/25/2017,11/1/2017,CLOSED,7283.844972,0,7283.844972
38460,11/1/2017,2/4/2017,12/29/2017,CLOSED,3125.840672,0,3125.840672
38461,24/1/2017,3/3/2017,3/9/2017,CLOSED,9631.759427,0,9631.759427
38464,29/1/2017,2/6/2017,8/19/2017,CLOSED,3115.64512,0,3115.64512
38466,12/2/2017,2/23/2017,8/17/2017,CLOSED,7881.77107,0,7881.77107
38467,17/2/2017,7/16/2017,12/31/2017,CLOSED,3498.240409,0,3498.240409
38468,9/2/2017,4/16/2017,5/25/2017,CLOSED,9416.212931,0,9416.212931
38471,25/2/2017,3/22/2017,11/8/2017,CLOSED,8425.813487,0,8425.813487
38472,19/2/2017,6/5/2017,12/13/2017,CLOSED,7000,0,7000
38473,22/2/2017,4/12/2017,5/6/2017,CLOSED,1532.589347,0,1532.589347
38474,16/2/2017,3/12/2017,10/22/2017,CLOSED,0,0,0
38479,17/2/2017,3/14/2017,9/8/2017,CLOSED,0,0,0
38480,19/2/2017,4/7/2017,7/2/2017,CLOSED,10324.45277,0,10324.45277
38482,12/2/2017,4/12/2017,10/27/2017,CLOSED,5013.79241,0,5013.79241
38483,27/2/2017,5/19/2017,6/13/2017,CLOSED,0,0,0
38488,20/2/2017,4/12/2017,6/3/2017,CLOSED,0,0,0
38489,26/2/2017,2/27/2017,7/30/2017,CLOSED,5665.087177,0,5665.087177
38496,13/2/2017,3/8/2017,9/25/2017,CLOSED,14000,0,14000
38497,27/2/2017,4/29/2017,7/4/2017,CLOSED,5373.971335,0,5373.971335
38502,5/2/2017,4/13/2017,6/26/2017,CLOSED,10318.02517,0,10318.02517
38503,24/2/2017,3/3/2017,9/19/2017,CLOSED,14000,0,14000
38504,23/2/2017,5/30/2017,10/7/2017,CLOSED,13252.82871,0,13252.82871
38505,5/2/2017,2/16/2017,8/5/2017,CLOSED,11697.33832,0,11697.33832
38508,19/2/2017,11/6/2017,11/11/2017,CLOSED,7000,0,7000
38510,14/2/2017,5/15/2017,12/11/2017,CLOSED,2399.262435,0,2399.262435
38513,2/2/2017,3/23/2017,5/9/2017,CLOSED,5194.072943,0,5194.072943
38518,26/2/2017,3/3/2017,10/1/2017,CLOSED,7636.236099,0,7636.236099
38519,19/2/2017,3/25/2017,4/27/2017,CLOSED,6873.857665,0,6873.857665
38521,7/2/2017,2/14/2017,3/11/2017,CLOSED,8100.705722,0,8100.705722
38522,5/2/2017,4/27/2017,7/13/2017,CLOSED,4199.417922,0,4199.417922
38523,18/2/2017,6/2/2017,10/11/2017,CLOSED,0,0,0
38524,23/2/2017,3/4/2017,11/11/2017,CLOSED,4727.162469,0,4727.162469
38525,25/2/2017,7/21/2017,11/5/2017,CLOSED,19000,0,19000
38527,27/2/2017,3/18/2017,3/30/2017,CLOSED,9942.385584,0,9942.385584
38528,23/2/2017,5/3/2017,8/16/2017,CLOSED,6811.163451,0,6811.163451
38530,10/2/2017,5/5/2017,6/29/2017,CLOSED,1664.589072,0,1664.589072
38533,19/2/2017,3/9/2017,9/8/2017,CLOSED,12249.38092,0,12249.38092
38534,16/2/2017,7/26/2017,10/30/2017,CLOSED,16179.98458,0,16179.98458
38535,13/2/2017,3/11/2017,4/3/2017,CLOSED,4770.744602,0,4770.744602
38541,6/2/2017,2/22/2017,5/11/2017,CLOSED,15720.67413,0,15720.67413
38542,27/2/2017,3/10/2017,10/13/2017,CLOSED,1281.873367,0,1281.873367
38543,16/2/2017,5/1/2017,9/24/2017,CLOSED,4026.181672,0,4026.181672
38544,13/2/2017,2/14/2017,10/12/2017,CLOSED,4238.406194,0,4238.406194
38547,8/2/2017,6/19/2017,7/18/2017,CLOSED,6515.12275,0,6515.12275
38549,19/2/2017,3/27/2017,5/20/2017,CLOSED,6608.782615,0,6608.782615
38550,2/2/2017,2/25/2017,6/2/2017,CLOSED,5119.08815,0,5119.08815
38552,15/2/2017,2/20/2017,4/28/2017,CLOSED,6170.38984,0,6170.38984
38554,26/2/2017,6/2/2017,9/8/2017,CLOSED,3643.29682,0,3643.29682
38555,14/2/2017,11/7/2017,12/19/2017,CLOSED,8698.132154,0,8698.132154
38557,10/2/2017,7/26/2017,12/1/2017,CLOSED,6701.849164,0,6701.849164
38561,1/2/2017,2/28/2017,8/1/2017,CLOSED,7316.17418,0,7316.17418
38562,16/2/2017,2/17/2017,9/21/2017,CLOSED,1978.756073,0,1978.756073
38563,7/2/2017,8/7/2017,8/27/2017,CLOSED,5895.976898,0,5895.976898
38566,3/2/2017,2/14/2017,6/18/2017,CLOSED,0,0,0
38572,4/2/2017,2/20/2017,7/6/2017,CLOSED,10465.86058,0,10465.86058
38573,12/2/2017,3/2/2017,9/14/2017,CLOSED,7102.124176,0,7102.124176
38574,12/2/2017,4/4/2017,4/14/2017,CLOSED,7000,0,7000
38577,16/2/2017,5/15/2017,10/24/2017,CLOSED,0,0,0
38578,25/2/2017,6/9/2017,6/16/2017,CLOSED,6703.272999,0,6703.272999
38579,9/2/2017,2/12/2017,8/19/2017,CLOSED,5124.768564,0,5124.768564
38580,15/2/2017,4/26/2017,8/14/2017,CLOSED,3522.685877,0,3522.685877
38581,23/2/2017,4/4/2017,11/22/2017,CLOSED,9814.93828,0,9814.93828
38582,20/2/2017,3/30/2017,5/24/2017,CLOSED,9381.447722,0,9381.447722
38586,9/2/2017,3/15/2017,7/21/2017,CLOSED,0,0,0
38588,2/2/2017,3/22/2017,5/13/2017,CLOSED,0,0,0
38593,11/2/2017,3/4/2017,4/20/2017,CLOSED,7000,0,7000
38594,15/2/2017,3/7/2017,4/10/2017,CLOSED,4671.567215,0,4671.567215
38600,2/2/2017,2/28/2017,3/11/2017,CLOSED,2126.71761,0,2126.71761
38603,22/2/2017,4/23/2017,6/30/2017,CLOSED,3153.3799,0,3153.3799
38610,26/2/2017,4/1/2017,8/7/2017,CLOSED,7000,0,7000
38615,17/2/2017,3/17/2017,8/7/2017,CLOSED,5874.830024,0,5874.830024
38616,15/2/2017,5/10/2017,8/23/2017,CLOSED,5859.356669,0,5859.356669
38619,4/2/2017,3/12/2017,4/25/2017,CLOSED,4519.887954,0,4519.887954
38621,12/2/2017,3/3/2017,6/22/2017,CLOSED,5095.922864,0,5095.922864
38625,10/2/2017,3/10/2017,6/19/2017,CLOSED,11689.11926,0,11689.11926
38638,27/2/2017,5/24/2017,8/27/2017,CLOSED,1129.341842,0,1129.341842
38641,14/2/2017,3/13/2017,9/2/2017,CLOSED,14000,0,14000
38642,1/2/2017,3/23/2017,4/19/2017,CLOSED,3641.267199,0,3641.267199
38643,15/2/2017,5/12/2017,9/19/2017,CLOSED,12243.34234,0,12243.34234
38644,13/2/2017,5/15/2017,7/2/2017,CLOSED,1961.361818,0,1961.361818
38649,21/2/2017,7/16/2017,8/25/2017,CLOSED,15723.58464,0,15723.58464
38651,6/2/2017,5/9/2017,7/29/2017,CLOSED,9004.635633,0,9004.635633
38654,7/2/2017,7/11/2017,9/8/2017,CLOSED,1058.040312,0,1058.040312
38657,5/2/2017,3/26/2017,7/25/2017,CLOSED,6570.569498,0,6570.569498
38660,8/2/2017,4/11/2017,8/2/2017,CLOSED,4152.892644,0,4152.892644
38661,17/2/2017,4/13/2017,7/27/2017,CLOSED,4288.497473,0,4288.497473
38662,1/2/2017,5/15/2017,12/1/2017,CLOSED,19000,0,19000
38664,16/2/2017,2/24/2017,10/31/2017,CLOSED,7000,0,7000
38665,16/2/2017,8/4/2017,9/16/2017,CLOSED,10351.5095,0,10351.5095
38666,8/2/2017,4/11/2017,4/13/2017,CLOSED,7000,0,7000
38667,26/2/2017,3/12/2017,10/10/2017,CLOSED,0,0,0
38668,1/2/2017,2/9/2017,3/9/2017,CLOSED,0,0,0
38670,22/2/2017,4/3/2017,7/7/2017,CLOSED,3055.315895,0,3055.315895
38672,16/2/2017,4/1/2017,6/13/2017,CLOSED,5089.097923,0,5089.097923
38674,27/2/2017,5/29/2017,5/30/2017,CLOSED,10332.71783,0,10332.71783
38676,13/2/2017,5/26/2017,9/14/2017,CLOSED,4962.349399,0,4962.349399
38679,20/2/2017,4/24/2017,10/13/2017,CLOSED,19000,0,19000
38680,4/2/2017,5/6/2017,10/9/2017,CLOSED,14000,0,14000
38682,21/2/2017,3/6/2017,5/29/2017,CLOSED,5147.315235,0,5147.315235
38683,8/2/2017,5/13/2017,8/28/2017,CLOSED,0,0,0
38684,20/2/2017,3/1/2017,9/9/2017,CLOSED,3810.67083,0,3810.67083
38686,14/2/2017,3/10/2017,8/16/2017,CLOSED,2043.00213,0,2043.00213
38687,5/2/2017,4/5/2017,8/25/2017,CLOSED,5334.701651,0,5334.701651
38688,6/2/2017,6/2/2017,7/4/2017,CLOSED,9049.606508,0,9049.606508
38689,8/2/2017,2/16/2017,3/14/2017,CLOSED,16400.63542,0,16400.63542
38690,13/2/2017,4/20/2017,12/7/2017,CLOSED,7000,0,7000
38691,4/2/2017,2/11/2017,11/25/2017,CLOSED,3236.279476,0,3236.279476
38692,24/2/2017,3/20/2017,6/22/2017,CLOSED,1735.313129,0,1735.313129
38694,24/2/2017,3/13/2017,4/19/2017,CLOSED,5262.280001,0,5262.280001
38695,13/2/2017,7/3/2017,10/5/2017,CLOSED,8636.355283,0,8636.355283
38701,20/2/2017,2/24/2017,5/6/2017,CLOSED,0,0,0
38702,17/2/2017,3/10/2017,11/11/2017,CLOSED,6456.019535,0,6456.019535
38703,13/2/2017,4/12/2017,6/20/2017,CLOSED,7000,0,7000
38705,5/2/2017,2/10/2017,9/22/2017,CLOSED,7000,0,7000
38706,2/2/2017,2/3/2017,8/2/2017,CLOSED,10201.54918,0,10201.54918
38708,19/2/2017,3/1/2017,3/26/2017,CLOSED,7575.741016,0,7575.741016
38709,2/2/2017,2/27/2017,8/9/2017,CLOSED,5124.591036,0,5124.591036
38710,24/2/2017,6/10/2017,7/8/2017,CLOSED,3795.959584,0,3795.959584
38711,5/2/2017,4/24/2017,9/26/2017,CLOSED,9956.342491,0,9956.342491
38715,2/2/2017,4/25/2017,5/10/2017,CLOSED,0,0,0
38718,15/2/2017,4/17/2017,9/2/2017,CLOSED,8482.890059,0,8482.890059
38726,21/2/2017,7/11/2017,7/14/2017,CLOSED,4324.462187,0,4324.462187
38731,15/2/2017,3/17/2017,8/10/2017,CLOSED,0,0,0
38733,9/2/2017,3/11/2017,9/9/2017,CLOSED,0,0,0
38734,10/2/2017,8/6/2017,8/21/2017,CLOSED,19000,0,19000
38735,13/2/2017,5/1/2017,9/7/2017,CLOSED,2721.62751,0,2721.62751
38736,7/2/2017,2/15/2017,5/29/2017,CLOSED,10239.97433,0,10239.97433
38738,19/2/2017,3/8/2017,11/27/2017,CLOSED,14000,0,14000
38741,7/2/2017,4/13/2017,10/27/2017,CLOSED,4744.36941,0,4744.36941
38742,21/2/2017,3/8/2017,4/10/2017,CLOSED,18738.81517,0,18738.81517
38746,7/2/2017,6/13/2017,10/11/2017,CLOSED,7000,0,7000
38747,1/2/2017,2/2/2017,4/27/2017,CLOSED,3109.383125,0,3109.383125
38750,26/2/2017,3/1/2017,3/2/2017,CLOSED,6091.302091,0,6091.302091
38753,15/2/2017,8/12/2017,8/19/2017,CLOSED,4041.585344,0,4041.585344
38756,7/2/2017,3/13/2017,5/26/2017,CLOSED,3681.323005,0,3681.323005
38757,27/2/2017,3/26/2017,5/24/2017,CLOSED,4726.281405,0,4726.281405
38759,21/2/2017,4/26/2017,7/2/2017,CLOSED,1703.708159,0,1703.708159
38762,16/2/2017,3/2/2017,6/25/2017,CLOSED,7000,0,7000
38768,5/2/2017,2/19/2017,4/1/2017,CLOSED,4633.639029,0,4633.639029
38769,23/2/2017,3/5/2017,5/15/2017,CLOSED,5684.669911,0,5684.669911
38771,14/2/2017,3/27/2017,8/25/2017,CLOSED,11396.87879,0,11396.87879
38774,4/2/2017,3/13/2017,9/12/2017,CLOSED,10215.41886,0,10215.41886
38775,17/2/2017,3/4/2017,8/28/2017,CLOSED,7000,0,7000
38776,5/2/2017,3/10/2017,6/23/2017,CLOSED,2229.696769,0,2229.696769
38777,19/2/2017,3/21/2017,4/9/2017,CLOSED,5533.690938,0,5533.690938
38778,26/2/2017,5/1/2017,11/12/2017,CLOSED,2597.161595,0,2597.161595
38781,8/2/2017,3/4/2017,6/20/2017,CLOSED,7000,0,7000
38783,14/2/2017,2/21/2017,7/10/2017,CLOSED,1658.344867,0,1658.344867
38787,1/2/2017,4/25/2017,7/3/2017,CLOSED,6328.865132,0,6328.865132
38788,16/2/2017,2/19/2017,10/26/2017,CLOSED,15624.15468,0,15624.15468
38791,21/2/2017,9/14/2017,12/4/2017,CLOSED,5269.417464,0,5269.417464
38792,11/2/2017,3/1/2017,5/24/2017,CLOSED,3740.298914,0,3740.298914
38801,5/2/2017,6/30/2017,10/2/2017,CLOSED,4083.640865,0,4083.640865
38804,5/2/2017,4/27/2017,11/7/2017,CLOSED,19000,0,19000
38806,4/2/2017,3/18/2017,4/10/2017,CLOSED,8434.342934,0,8434.342934
38808,1/2/2017,2/16/2017,10/31/2017,CLOSED,0,0,0
38809,22/2/2017,3/26/2017,6/22/2017,CLOSED,7000,0,7000
38810,11/2/2017,8/2/2017,10/1/2017,CLOSED,3892.936067,0,3892.936067
38817,11/2/2017,2/15/2017,5/26/2017,CLOSED,5072.219478,0,5072.219478
38818,4/2/2017,4/15/2017,8/23/2017,CLOSED,8106.814283,0,8106.814283
38819,23/2/2017,3/3/2017,6/12/2017,CLOSED,14000,0,14000
38820,6/2/2017,4/15/2017,5/1/2017,CLOSED,7000,0,7000
38821,20/2/2017,3/31/2017,4/23/2017,CLOSED,4291.54619,0,4291.54619
38825,1/3/2017,9/4/2017,11/16/2017,CLOSED,7000,0,7000
38826,13/3/2017,5/14/2017,6/13/2017,CLOSED,0,0,0
38829,12/3/2017,5/23/2017,10/20/2017,CLOSED,14000,0,14000
38831,8/3/2017,3/9/2017,12/15/2017,CLOSED,0,0,0
38832,10/3/2017,6/21/2017,9/26/2017,CLOSED,3925.678993,0,3925.678993
38835,10/3/2017,6/21/2017,7/7/2017,CLOSED,13566.65308,0,13566.65308
38836,16/3/2017,5/7/2017,11/2/2017,CLOSED,7000,0,7000
38839,8/3/2017,7/6/2017,11/14/2017,CLOSED,5957.136986,0,5957.136986
38840,21/3/2017,6/7/2017,9/26/2017,CLOSED,5789.191194,0,5789.191194
38844,14/3/2017,4/28/2017,11/30/2017,CLOSED,3459.192859,0,3459.192859
38847,2/3/2017,3/8/2017,11/6/2017,CLOSED,6659.21545,0,6659.21545
38849,14/3/2017,6/26/2017,7/11/2017,CLOSED,7248.87219,0,7248.87219
38850,8/3/2017,3/14/2017,4/28/2017,CLOSED,7000,0,7000
38851,22/3/2017,5/4/2017,8/21/2017,CLOSED,11131.60266,0,11131.60266
38854,28/3/2017,4/20/2017,12/21/2017,CLOSED,19000,0,19000
38855,25/3/2017,11/27/2017,12/1/2017,CLOSED,7695.900224,0,7695.900224
38857,7/3/2017,7/13/2017,10/15/2017,CLOSED,0,0,0
38860,10/3/2017,4/25/2017,5/29/2017,CLOSED,6874.953563,0,6874.953563
38861,22/3/2017,4/15/2017,7/22/2017,CLOSED,5165.255197,0,5165.255197
38863,22/3/2017,5/28/2017,7/16/2017,CLOSED,5787.431817,0,5787.431817
38865,13/3/2017,6/25/2017,7/10/2017,CLOSED,5626.732992,0,5626.732992
38869,19/3/2017,5/27/2017,10/17/2017,CLOSED,4116.434403,0,4116.434403
38873,1/3/2017,6/8/2017,11/12/2017,CLOSED,7920.704285,0,7920.704285
38875,26/3/2017,7/13/2017,7/19/2017,CLOSED,11222.92221,0,11222.92221
38876,5/3/2017,5/24/2017,10/19/2017,CLOSED,7410.910706,0,7410.910706
38878,30/3/2017,5/9/2017,9/24/2017,CLOSED,3531.784134,0,3531.784134
38880,12/3/2017,5/1/2017,7/15/2017,CLOSED,9469.804596,0,9469.804596
38883,7/3/2017,6/25/2017,9/11/2017,CLOSED,7000,0,7000
38886,24/3/2017,5/15/2017,5/28/2017,CLOSED,14000,0,14000
38887,25/3/2017,3/28/2017,7/10/2017,CLOSED,7000,0,7000
38888,11/3/2017,3/12/2017,9/25/2017,CLOSED,5319.150412,0,5319.150412
38890,5/3/2017,3/7/2017,6/24/2017,CLOSED,4505.16406,0,4505.16406
38891,1/3/2017,5/8/2017,6/29/2017,CLOSED,4375.101217,0,4375.101217
38896,23/3/2017,5/3/2017,12/4/2017,CLOSED,9565.459261,0,9565.459261
38897,29/3/2017,4/4/2017,4/14/2017,CLOSED,8751.721799,0,8751.721799
38902,15/3/2017,5/24/2017,6/23/2017,CLOSED,5191.218869,0,5191.218869
38906,16/3/2017,4/9/2017,7/6/2017,CLOSED,0,0,0
38907,11/3/2017,5/20/2017,9/4/2017,CLOSED,5708.106458,0,5708.106458
38909,27/3/2017,6/17/2017,11/25/2017,CLOSED,4824.782972,0,4824.782972
38910,14/3/2017,4/11/2017,8/28/2017,CLOSED,6661.802205,0,6661.802205
38913,5/3/2017,5/8/2017,12/9/2017,CLOSED,3220.292644,0,3220.292644
38915,11/3/2017,8/17/2017,12/1/2017,CLOSED,4235.547642,0,4235.547642
38916,13/3/2017,4/22/2017,9/17/2017,CLOSED,10107.89493,0,10107.89493
38917,21/3/2017,6/20/2017,7/13/2017,CLOSED,5284.959908,0,5284.959908
38918,25/3/2017,5/17/2017,6/27/2017,CLOSED,1561.020639,0,1561.020639
38923,11/3/2017,3/28/2017,5/17/2017,CLOSED,5222.074728,0,5222.074728
38926,6/3/2017,5/18/2017,10/29/2017,CLOSED,13561.16141,0,13561.16141
38927,6/3/2017,6/17/2017,8/26/2017,CLOSED,3066.371117,0,3066.371117
38934,20/3/2017,7/10/2017,12/18/2017,CLOSED,0,0,0
38935,22/3/2017,5/11/2017,11/1/2017,CLOSED,7000,0,7000
38937,5/3/2017,3/11/2017,6/6/2017,CLOSED,7000,0,7000
38939,9/3/2017,5/8/2017,10/13/2017,CLOSED,2696.887746,0,2696.887746
38941,12/3/2017,7/8/2017,8/14/2017,CLOSED,0,0,0
38946,19/3/2017,3/26/2017,8/5/2017,CLOSED,0,0,0
38949,16/3/2017,4/11/2017,11/27/2017,CLOSED,5481.125378,0,5481.125378
38950,4/3/2017,3/7/2017,3/21/2017,CLOSED,4476.248773,0,4476.248773
38952,13/3/2017,3/16/2017,10/11/2017,CLOSED,7000,0,7000
38954,14/3/2017,6/25/2017,12/5/2017,CLOSED,7840.126553,0,7840.126553
38957,9/3/2017,7/1/2017,9/28/2017,CLOSED,14000,0,14000
38958,9/3/2017,3/31/2017,7/30/2017,CLOSED,3517.009464,0,3517.009464
38959,20/3/2017,5/27/2017,12/1/2017,CLOSED,14631.69525,0,14631.69525
38962,26/3/2017,3/27/2017,11/11/2017,CLOSED,8553.869642,0,8553.869642
38963,29/3/2017,4/10/2017,7/2/2017,CLOSED,7000,0,7000
38965,8/3/2017,3/12/2017,11/10/2017,CLOSED,1614.941234,0,1614.941234
38971,27/3/2017,4/26/2017,9/9/2017,CLOSED,19000,0,19000
38973,9/3/2017,4/10/2017,7/11/2017,CLOSED,0,0,0
38983,7/3/2017,6/26/2017,11/9/2017,CLOSED,10247.95031,0,10247.95031
38989,26/3/2017,7/26/2017,9/18/2017,CLOSED,11604.07609,0,11604.07609
38990,7/3/2017,7/5/2017,10/29/2017,CLOSED,7277.931935,0,7277.931935
38996,16/3/2017,4/2/2017,6/27/2017,CLOSED,7839.6329,0,7839.6329
39000,2/3/2017,5/4/2017,8/11/2017,CLOSED,6345.865255,0,6345.865255
39001,4/3/2017,3/24/2017,10/13/2017,CLOSED,7000,0,7000
39002,8/3/2017,3/22/2017,4/29/2017,CLOSED,5023.469512,0,5023.469512
39003,5/3/2017,3/10/2017,5/17/2017,CLOSED,2089.623878,0,2089.623878
39006,30/3/2017,4/25/2017,10/27/2017,CLOSED,18227.75608,0,18227.75608
39007,21/3/2017,4/13/2017,6/7/2017,CLOSED,7415.73006,0,7415.73006
39008,22/3/2017,6/20/2017,8/10/2017,CLOSED,4837.646992,0,4837.646992
39012,2/3/2017,4/1/2017,9/13/2017,CLOSED,5465.610252,0,5465.610252
39013,19/3/2017,5/30/2017,11/21/2017,CLOSED,0,0,0
39014,22/3/2017,8/12/2017,9/10/2017,CLOSED,7000,0,7000
39015,29/3/2017,4/1/2017,6/28/2017,CLOSED,7000,0,7000
39016,27/3/2017,4/3/2017,5/19/2017,CLOSED,14000,0,14000
39017,2/3/2017,7/18/2017,10/5/2017,CLOSED,0,0,0
39019,25/3/2017,11/16/2017,12/20/2017,CLOSED,5849.953958,0,5849.953958
39021,10/3/2017,3/19/2017,7/26/2017,CLOSED,12073.18201,0,12073.18201
39027,23/3/2017,7/13/2017,11/19/2017,CLOSED,3524.669391,0,3524.669391
39028,3/3/2017,5/1/2017,5/17/2017,CLOSED,10460.84261,0,10460.84261
39033,21/3/2017,6/23/2017,9/12/2017,CLOSED,0,0,0
39036,4/3/2017,6/23/2017,11/10/2017,CLOSED,6497.59301,0,6497.59301
39037,20/3/2017,8/9/2017,8/11/2017,CLOSED,4876.177648,0,4876.177648
39040,26/3/2017,7/24/2017,12/14/2017,CLOSED,2364.403109,0,2364.403109
39041,5/3/2017,3/22/2017,5/20/2017,CLOSED,7171.187494,0,7171.187494
39042,11/3/2017,4/21/2017,9/29/2017,CLOSED,0,0,0
39045,2/3/2017,4/16/2017,5/16/2017,CLOSED,9211.521771,0,9211.521771
39046,17/3/2017,3/21/2017,11/13/2017,CLOSED,0,0,0
39050,4/3/2017,3/14/2017,9/10/2017,CLOSED,12139.55549,0,12139.55549
39051,9/3/2017,4/10/2017,4/12/2017,CLOSED,0,0,0
39052,8/3/2017,5/26/2017,12/16/2017,CLOSED,6767.7194,0,6767.7194
39061,4/3/2017,6/28/2017,7/28/2017,CLOSED,7495.483648,0,7495.483648
39063,3/3/2017,3/14/2017,9/26/2017,CLOSED,8531.304214,0,8531.304214
39065,8/3/2017,3/20/2017,12/7/2017,CLOSED,0,0,0
39066,15/3/2017,3/16/2017,9/7/2017,CLOSED,10901.44733,0,10901.44733
39067,26/3/2017,5/12/2017,6/2/2017,CLOSED,11898.3628,0,11898.3628
39069,5/3/2017,5/9/2017,6/29/2017,CLOSED,8463.522379,0,8463.522379
39072,21/3/2017,6/20/2017,7/13/2017,CLOSED,7239.689666,0,7239.689666
39073,6/3/2017,5/3/2017,8/5/2017,CLOSED,7000,0,7000
39074,13/3/2017,3/21/2017,10/9/2017,CLOSED,0,0,0
39075,26/3/2017,4/17/2017,11/22/2017,CLOSED,5216.163575,0,5216.163575
39076,8/3/2017,4/5/2017,10/28/2017,CLOSED,14488.41956,0,14488.41956
39081,19/3/2017,4/3/2017,11/12/2017,CLOSED,4593.851961,0,4593.851961
39083,24/3/2017,5/27/2017,9/12/2017,CLOSED,14501.82815,0,14501.82815
39092,7/3/2017,4/8/2017,12/12/2017,CLOSED,2841.292331,0,2841.292331
39096,10/3/2017,4/5/2017,7/24/2017,CLOSED,9655.434233,0,9655.434233
39097,9/3/2017,5/28/2017,6/20/2017,CLOSED,7000,0,7000
39098,16/3/2017,4/14/2017,7/21/2017,CLOSED,4038.392752,0,4038.392752
39100,27/3/2017,5/2/2017,7/8/2017,CLOSED,0,0,0
39101,12/3/2017,4/17/2017,9/5/2017,CLOSED,13947.09219,0,13947.09219
39102,3/3/2017,3/25/2017,8/5/2017,CLOSED,5874.237141,0,5874.237141
39103,3/3/2017,8/24/2017,8/29/2017,CLOSED,6513.733007,0,6513.733007
39107,7/3/2017,4/19/2017,7/22/2017,CLOSED,1115.997336,0,1115.997336
39108,30/3/2017,6/20/2017,10/20/2017,CLOSED,18377.77295,0,18377.77295
39111,11/3/2017,5/17/2017,7/26/2017,CLOSED,7000,0,7000
39112,17/3/2017,6/16/2017,9/6/2017,CLOSED,7539.212981,0,7539.212981
39117,15/3/2017,5/2/2017,7/17/2017,CLOSED,13815.57644,0,13815.57644
39120,12/3/2017,4/14/2017,12/11/2017,CLOSED,4339.500298,0,4339.500298
39122,26/3/2017,3/31/2017,5/10/2017,CLOSED,5362.121738,0,5362.121738
39123,24/3/2017,5/26/2017,9/22/2017,CLOSED,6692.253019,0,6692.253019
39125,18/3/2017,10/17/2017,11/10/2017,CLOSED,0,0,0
39128,19/3/2017,4/22/2017,9/9/2017,CLOSED,7000,0,7000
39136,10/3/2017,5/15/2017,6/5/2017,CLOSED,0,0,0
39139,16/3/2017,3/17/2017,9/10/2017,CLOSED,9491.257377,0,9491.257377
39140,20/3/2017,6/15/2017,10/10/2017,CLOSED,2896.602857,0,2896.602857
39143,22/3/2017,3/23/2017,9/7/2017,CLOSED,6409.739692,0,6409.739692
39148,20/3/2017,3/26/2017,9/2/2017,CLOSED,6659.242541,0,6659.242541
39150,15/3/2017,6/14/2017,9/11/2017,CLOSED,8143.042436,0,8143.042436
39154,11/3/2017,6/10/2017,12/14/2017,CLOSED,4724.689024,0,4724.689024
39156,22/3/2017,4/6/2017,11/23/2017,CLOSED,5995.170738,0,5995.170738
39157,15/4/2017,11/12/2017,11/21/2017,CLOSED,5188.387851,0,5188.387851
39158,2/4/2017,5/16/2017,9/24/2017,CLOSED,6822.146051,0,6822.146051
39159,9/4/2017,6/18/2017,11/29/2017,CLOSED,0,0,0
39160,20/4/2017,5/3/2017,5/21/2017,CLOSED,8279.466346,0,8279.466346
39163,4/4/2017,10/2/2017,10/13/2017,CLOSED,4444.959847,0,4444.959847
39168,6/4/2017,5/14/2017,6/15/2017,CLOSED,14000,0,14000
39170,21/4/2017,6/25/2017,12/15/2017,CLOSED,3899.88841,0,3899.88841
39172,4/4/2017,4/18/2017,10/19/2017,CLOSED,6118.10044,0,6118.10044
39178,15/4/2017,5/11/2017,11/10/2017,CLOSED,0,0,0
39179,6/4/2017,6/13/2017,8/14/2017,CLOSED,10764.73954,0,10764.73954
39180,13/4/2017,5/14/2017,8/28/2017,CLOSED,0,0,0
39181,3/4/2017,6/17/2017,8/16/2017,CLOSED,11706.47173,0,11706.47173
39182,14/4/2017,4/15/2017,9/27/2017,CLOSED,0,0,0
39187,11/4/2017,4/22/2017,5/11/2017,CLOSED,5903.314302,0,5903.314302
39188,24/4/2017,11/6/2017,12/11/2017,CLOSED,6859.047152,0,6859.047152
39189,2/4/2017,7/1/2017,12/3/2017,CLOSED,4178.958998,0,4178.958998
39195,15/4/2017,6/13/2017,10/4/2017,CLOSED,9756.89232,0,9756.89232
39196,22/4/2017,5/29/2017,8/13/2017,CLOSED,10024.65103,0,10024.65103
39199,27/4/2017,7/13/2017,10/27/2017,CLOSED,9942.131937,0,9942.131937
39201,9/4/2017,5/16/2017,5/30/2017,CLOSED,0,0,0
39204,4/4/2017,6/11/2017,6/23/2017,CLOSED,1712.368296,0,1712.368296
39205,16/4/2017,6/4/2017,6/11/2017,CLOSED,7585.384682,0,7585.384682
39207,15/4/2017,5/17/2017,8/4/2017,CLOSED,5977.583599,0,5977.583599
39208,9/4/2017,5/21/2017,6/27/2017,CLOSED,5674.842768,0,5674.842768
39209,15/4/2017,5/3/2017,5/12/2017,CLOSED,9567.861386,0,9567.861386
39212,13/4/2017,7/16/2017,10/31/2017,CLOSED,13904.21193,0,13904.21193
39221,6/4/2017,5/23/2017,6/2/2017,CLOSED,9032.470441,0,9032.470441
39223,25/4/2017,7/3/2017,12/2/2017,CLOSED,1746.793899,0,1746.793899
39225,4/4/2017,5/15/2017,10/16/2017,CLOSED,6806.707794,0,6806.707794
39229,5/4/2017,5/5/2017,9/27/2017,CLOSED,4883.479824,0,4883.479824
39230,3/4/2017,4/4/2017,7/25/2017,CLOSED,11573.77171,0,11573.77171
39231,20/4/2017,8/30/2017,12/2/2017,CLOSED,7734.327001,0,7734.327001
39232,12/4/2017,5/11/2017,7/18/2017,CLOSED,6148.588357,0,6148.588357
39234,21/4/2017,6/29/2017,7/13/2017,CLOSED,0,0,0
39235,23/4/2017,8/13/2017,11/30/2017,CLOSED,7868.040394,0,7868.040394
39236,24/4/2017,8/28/2017,9/14/2017,CLOSED,0,0,0
39238,14/4/2017,5/26/2017,11/24/2017,CLOSED,608.3362587,0,608.3362587
39243,7/4/2017,5/31/2017,7/3/2017,CLOSED,3744.940316,0,3744.940316
39244,5/4/2017,5/16/2017,9/25/2017,CLOSED,2714.347883,0,2714.347883
39246,13/4/2017,10/15/2017,11/8/2017,CLOSED,12656.5522,0,12656.5522
39248,1/4/2017,7/4/2017,11/13/2017,CLOSED,4549.912235,0,4549.912235
39249,7/4/2017,4/15/2017,12/18/2017,CLOSED,14971.71961,0,14971.71961
39251,25/4/2017,6/22/2017,11/29/2017,CLOSED,4363.474584,0,4363.474584
39252,7/4/2017,5/23/2017,6/13/2017,CLOSED,14000,0,14000
39253,17/4/2017,8/1/2017,9/24/2017,CLOSED,14000,0,14000
39258,29/4/2017,6/4/2017,12/19/2017,CLOSED,10440.91224,0,10440.91224
39259,11/4/2017,5/30/2017,12/3/2017,CLOSED,10188.48198,0,10188.48198
39265,10/4/2017,4/29/2017,10/10/2017,CLOSED,4004.46929,0,4004.46929
39267,16/4/2017,4/30/2017,12/10/2017,CLOSED,4334.885424,0,4334.885424
39274,1/4/2017,5/28/2017,7/19/2017,CLOSED,7529.092043,0,7529.092043
39275,26/4/2017,5/3/2017,12/27/2017,CLOSED,7000,0,7000
39279,26/4/2017,5/5/2017,11/11/2017,CLOSED,4738.196208,0,4738.196208
39282,9/4/2017,9/2/2017,11/23/2017,CLOSED,10187.66585,0,10187.66585
39283,9/4/2017,5/9/2017,8/21/2017,CLOSED,7000,0,7000
39284,3/4/2017,4/20/2017,6/19/2017,CLOSED,3902.752477,0,3902.752477
39285,17/4/2017,6/4/2017,10/28/2017,CLOSED,1986.046912,0,1986.046912
39287,4/4/2017,7/10/2017,7/29/2017,CLOSED,14000,0,14000
39290,10/4/2017,6/4/2017,6/22/2017,CLOSED,13569.971,0,13569.971
39294,1/4/2017,4/14/2017,10/6/2017,CLOSED,10084.27514,0,10084.27514
39296,10/4/2017,5/12/2017,5/31/2017,CLOSED,7000,0,7000
39298,7/4/2017,4/9/2017,5/22/2017,CLOSED,0,0,0
39299,7/4/2017,5/13/2017,7/22/2017,CLOSED,14000,0,14000
39301,7/4/2017,4/29/2017,7/31/2017,CLOSED,5044.086192,0,5044.086192
39303,11/4/2017,4/12/2017,10/27/2017,CLOSED,0,0,0
39305,16/4/2017,5/13/2017,12/6/2017,CLOSED,6576.434961,0,6576.434961
39308,9/4/2017,5/14/2017,7/12/2017,CLOSED,11669.4606,0,11669.4606
39309,9/4/2017,5/7/2017,7/19/2017,CLOSED,6118.037563,0,6118.037563
39310,15/4/2017,5/20/2017,12/7/2017,CLOSED,3388.91316,0,3388.91316
39312,4/4/2017,9/10/2017,12/3/2017,CLOSED,13462.3165,0,13462.3165
39314,22/4/2017,10/6/2017,12/12/2017,CLOSED,5443.172413,0,5443.172413
39318,25/4/2017,9/25/2017,10/17/2017,CLOSED,6230.811406,0,6230.811406
39320,3/4/2017,7/12/2017,7/23/2017,CLOSED,4012.79519,0,4012.79519
39321,27/4/2017,6/9/2017,10/30/2017,CLOSED,4070.588642,0,4070.588642
39323,21/4/2017,7/22/2017,8/12/2017,CLOSED,9951.570169,0,9951.570169
39330,24/4/2017,7/9/2017,12/5/2017,CLOSED,0,0,0
39331,19/4/2017,4/27/2017,10/5/2017,CLOSED,0,0,0
39332,16/4/2017,4/20/2017,11/20/2017,CLOSED,5923.890575,0,5923.890575
39334,21/4/2017,8/22/2017,10/24/2017,CLOSED,0,0,0
39338,16/4/2017,5/6/2017,7/27/2017,CLOSED,9228.802741,0,9228.802741
39345,9/4/2017,5/1/2017,8/15/2017,CLOSED,4846.106813,0,4846.106813
39346,24/4/2017,5/19/2017,8/13/2017,CLOSED,11876.77716,0,11876.77716
39348,17/4/2017,5/26/2017,8/6/2017,CLOSED,0,0,0
39351,29/4/2017,6/4/2017,7/2/2017,CLOSED,14000,0,14000
39355,17/4/2017,11/6/2017,12/20/2017,CLOSED,19000,0,19000
39357,21/4/2017,6/28/2017,11/8/2017,CLOSED,7000,0,7000
39360,12/4/2017,5/19/2017,7/19/2017,CLOSED,4504.586377,0,4504.586377
39361,29/4/2017,5/8/2017,9/3/2017,CLOSED,6509.797237,0,6509.797237
39366,21/4/2017,7/11/2017,7/16/2017,CLOSED,19000,0,19000
39368,22/4/2017,5/6/2017,7/30/2017,CLOSED,7343.350686,0,7343.350686
39371,3/4/2017,5/26/2017,8/23/2017,CLOSED,13094.35828,0,13094.35828
39373,27/4/2017,6/22/2017,11/20/2017,CLOSED,7000,0,7000
39376,12/4/2017,10/16/2017,12/22/2017,CLOSED,5135.871634,0,5135.871634
39382,5/4/2017,4/29/2017,11/26/2017,CLOSED,0,0,0
39383,29/4/2017,4/30/2017,10/26/2017,CLOSED,6588.684731,0,6588.684731
39386,13/4/2017,6/1/2017,8/27/2017,CLOSED,11044.46083,0,11044.46083
39389,24/4/2017,5/13/2017,6/25/2017,CLOSED,13758.51256,0,13758.51256
39391,20/4/2017,4/21/2017,6/24/2017,CLOSED,11626.23896,0,11626.23896
39392,20/4/2017,4/21/2017,10/22/2017,CLOSED,5805.629893,0,5805.629893
39396,28/4/2017,7/7/2017,8/22/2017,CLOSED,0,0,0
39398,28/4/2017,7/23/2017,9/23/2017,CLOSED,6041.471913,0,6041.471913
39402,13/4/2017,5/28/2017,11/15/2017,CLOSED,6647.22925,0,6647.22925
39403,17/4/2017,5/10/2017,10/2/2017,CLOSED,5843.829176,0,5843.829176
39407,2/4/2017,4/18/2017,12/30/2017,CLOSED,2949.695473,0,2949.695473
39409,3/4/2017,5/11/2017,6/23/2017,CLOSED,16183.75787,0,16183.75787
39413,4/4/2017,9/17/2017,11/15/2017,CLOSED,2547.944185,0,2547.944185
39414,5/4/2017,5/6/2017,7/4/2017,CLOSED,7000,0,7000
39415,21/4/2017,5/6/2017,9/26/2017,CLOSED,14736.31801,0,14736.31801
39417,21/4/2017,7/16/2017,8/11/2017,CLOSED,7066.186117,0,7066.186117
39419,29/4/2017,7/27/2017,9/18/2017,CLOSED,6417.174582,0,6417.174582
39421,14/4/2017,7/30/2017,7/31/2017,CLOSED,2921.306057,0,2921.306057
39423,29/4/2017,5/14/2017,8/25/2017,CLOSED,5817.209669,0,5817.209669
39426,2/4/2017,4/4/2017,10/16/2017,CLOSED,7000,0,7000
39428,2/4/2017,4/21/2017,6/24/2017,CLOSED,10358.22474,0,10358.22474
39431,13/4/2017,11/20/2017,12/11/2017,CLOSED,1958.920191,0,1958.920191
39443,9/4/2017,8/18/2017,8/25/2017,CLOSED,7000,0,7000
39450,17/4/2017,6/20/2017,7/1/2017,CLOSED,0,0,0
39451,5/4/2017,8/11/2017,8/19/2017,CLOSED,10310.27741,0,10310.27741
39452,14/4/2017,8/3/2017,12/21/2017,CLOSED,0,0,0
39458,1/4/2017,4/21/2017,8/16/2017,CLOSED,2583.235166,0,2583.235166
39464,2/4/2017,8/4/2017,12/24/2017,CLOSED,7419.03968,0,7419.03968
39466,16/4/2017,6/21/2017,11/13/2017,CLOSED,0,0,0
39467,8/4/2017,5/12/2017,12/19/2017,CLOSED,5999.587598,0,5999.587598
39473,16/4/2017,5/27/2017,8/9/2017,CLOSED,19000,0,19000
39474,14/4/2017,5/21/2017,10/5/2017,CLOSED,0,0,0
39476,17/4/2017,4/21/2017,7/13/2017,CLOSED,0,0,0
39478,26/4/2017,5/25/2017,9/30/2017,CLOSED,9980.989647,0,9980.989647
39481,2/4/2017,4/30/2017,8/4/2017,CLOSED,5481.191073,0,5481.191073
39485,10/4/2017,6/23/2017,7/18/2017,CLOSED,7000,0,7000
39486,28/4/2017,5/13/2017,8/3/2017,CLOSED,3545.532274,0,3545.532274
39488,13/4/2017,5/7/2017,6/23/2017,CLOSED,5403.356101,0,5403.356101
39491,28/4/2017,4/29/2017,11/19/2017,CLOSED,12174.76831,0,12174.76831
39503,23/5/2017,6/7/2017,6/21/2017,CLOSED,5630.863153,0,5630.863153
39505,5/5/2017,7/24/2017,9/27/2017,CLOSED,0,0,0
39513,28/5/2017,6/28/2017,10/12/2017,CLOSED,11605.26275,0,11605.26275
39516,18/5/2017,8/7/2017,9/28/2017,CLOSED,341.2581176,0,341.2581176
39517,5/5/2017,5/11/2017,11/3/2017,CLOSED,10195.3996,0,10195.3996
39524,8/5/2017,8/2/2017,12/24/2017,CLOSED,6755.37999,0,6755.37999
39525,20/5/2017,5/21/2017,10/8/2017,CLOSED,8345.125044,0,8345.125044
39526,18/5/2017,6/28/2017,6/29/2017,CLOSED,3498.249685,0,3498.249685
39527,21/5/2017,6/20/2017,12/11/2017,CLOSED,5014.519501,0,5014.519501
39528,24/5/2017,6/27/2017,12/20/2017,CLOSED,18259.72672,0,18259.72672
39529,1/5/2017,5/21/2017,6/9/2017,CLOSED,4978.19121,0,4978.19121
39531,22/5/2017,7/12/2017,9/29/2017,CLOSED,5950.069539,0,5950.069539
39534,21/5/2017,6/7/2017,12/28/2017,CLOSED,13191.3452,0,13191.3452
39535,19/5/2017,6/4/2017,7/11/2017,CLOSED,3226.555939,0,3226.555939
39536,19/5/2017,6/21/2017,8/28/2017,CLOSED,4500.565624,0,4500.565624
39540,5/5/2017,5/6/2017,7/28/2017,CLOSED,9435.01533,0,9435.01533
39543,8/5/2017,6/24/2017,12/22/2017,CLOSED,4825.809124,0,4825.809124
39551,11/5/2017,5/25/2017,10/9/2017,CLOSED,18085.69098,0,18085.69098
39552,10/5/2017,8/8/2017,12/5/2017,CLOSED,3634.811231,0,3634.811231
39561,11/5/2017,6/10/2017,11/21/2017,CLOSED,0,0,0
39565,4/5/2017,9/17/2017,11/3/2017,CLOSED,4365.816187,0,4365.816187
39568,14/5/2017,7/3/2017,8/7/2017,CLOSED,5435.946996,0,5435.946996
39575,26/5/2017,6/5/2017,10/6/2017,CLOSED,14000,0,14000
39577,25/5/2017,7/27/2017,12/27/2017,CLOSED,4676.771132,0,4676.771132
39579,3/5/2017,5/15/2017,10/11/2017,CLOSED,0,0,0
39580,15/5/2017,8/17/2017,9/16/2017,CLOSED,4643.458773,0,4643.458773
39582,4/5/2017,5/27/2017,7/15/2017,CLOSED,7000,0,7000
39584,27/5/2017,7/13/2017,7/21/2017,CLOSED,0,0,0
39586,7/5/2017,6/11/2017,12/16/2017,CLOSED,0,0,0
39589,29/5/2017,6/17/2017,7/6/2017,CLOSED,5528.848682,0,5528.848682
39592,23/5/2017,5/31/2017,7/17/2017,CLOSED,10160.58403,0,10160.58403
39599,30/5/2017,8/2/2017,10/17/2017,CLOSED,3690.683236,0,3690.683236
39601,2/5/2017,5/28/2017,9/21/2017,CLOSED,5816.985594,0,5816.985594
39603,27/5/2017,6/4/2017,11/23/2017,CLOSED,6144.267498,0,6144.267498
39604,3/5/2017,8/1/2017,8/6/2017,CLOSED,3133.203454,0,3133.203454
39607,7/5/2017,6/28/2017,12/12/2017,CLOSED,5706.179893,0,5706.179893
39613,1/5/2017,6/15/2017,12/7/2017,CLOSED,3975.195847,0,3975.195847
39615,17/5/2017,6/25/2017,6/26/2017,CLOSED,4607.293332,0,4607.293332
39617,3/5/2017,8/4/2017,9/16/2017,CLOSED,2930.071841,0,2930.071841
39619,24/5/2017,6/26/2017,8/3/2017,CLOSED,7894.286416,0,7894.286416
39620,15/5/2017,8/26/2017,9/29/2017,CLOSED,9163.604762,0,9163.604762
39623,10/5/2017,5/25/2017,8/25/2017,CLOSED,7000,0,7000
39627,18/5/2017,5/19/2017,5/23/2017,CLOSED,0,0,0
39629,21/5/2017,7/30/2017,10/20/2017,CLOSED,14414.53818,0,14414.53818
39634,24/5/2017,8/8/2017,12/22/2017,CLOSED,3065.499347,0,3065.499347
39637,22/5/2017,6/2/2017,10/25/2017,CLOSED,2130.371054,0,2130.371054
39641,25/5/2017,9/5/2017,11/8/2017,CLOSED,11739.61005,0,11739.61005
39648,29/5/2017,8/30/2017,9/9/2017,CLOSED,0,0,0
39651,26/5/2017,8/26/2017,8/28/2017,CLOSED,3102.169908,0,3102.169908
39655,16/5/2017,8/19/2017,9/2/2017,CLOSED,12069.7445,0,12069.7445
39657,20/5/2017,5/21/2017,6/27/2017,CLOSED,0,0,0
39659,5/5/2017,8/4/2017,9/14/2017,CLOSED,15196.1627,0,15196.1627
39661,23/5/2017,9/5/2017,11/23/2017,CLOSED,6740.705471,0,6740.705471
39663,5/5/2017,6/15/2017,7/14/2017,CLOSED,12962.47841,0,12962.47841
39664,19/5/2017,10/23/2017,10/24/2017,CLOSED,9054.201478,0,9054.201478
39666,13/5/2017,6/6/2017,9/15/2017,CLOSED,3689.110678,0,3689.110678
39677,16/5/2017,7/31/2017,10/14/2017,CLOSED,7000,0,7000
39679,16/5/2017,9/26/2017,12/7/2017,CLOSED,10888.39192,0,10888.39192
39680,16/5/2017,5/29/2017,5/31/2017,CLOSED,3022.335184,0,3022.335184
39683,9/5/2017,9/28/2017,11/16/2017,CLOSED,6506.285897,0,6506.285897
39687,25/5/2017,6/22/2017,10/27/2017,CLOSED,15943.31325,0,15943.31325
39688,15/5/2017,7/10/2017,10/28/2017,CLOSED,1600.750329,0,1600.750329
39690,13/5/2017,5/16/2017,6/23/2017,CLOSED,9333.206144,0,9333.206144
39694,30/5/2017,7/20/2017,9/11/2017,CLOSED,0,0,0
39698,27/5/2017,9/3/2017,10/1/2017,CLOSED,3422.969415,0,3422.969415
39701,29/5/2017,6/12/2017,6/24/2017,CLOSED,4674.516255,0,4674.516255
39702,14/5/2017,6/12/2017,8/19/2017,CLOSED,6774.333907,0,6774.333907
39704,4/5/2017,7/15/2017,8/31/2017,CLOSED,6595.261097,0,6595.261097
39705,28/5/2017,7/14/2017,11/9/2017,CLOSED,11719.9228,0,11719.9228
39710,30/5/2017,9/2/2017,10/11/2017,CLOSED,8828.360459,0,8828.360459
39712,16/5/2017,7/30/2017,10/22/2017,CLOSED,16115.82737,0,16115.82737
39714,14/5/2017,8/21/2017,11/5/2017,CLOSED,13395.59991,0,13395.59991
39723,30/5/2017,6/24/2017,8/25/2017,CLOSED,13060.53574,0,13060.53574
39725,26/5/2017,7/15/2017,9/12/2017,CLOSED,889.1937021,0,889.1937021
39732,21/5/2017,8/24/2017,11/2/2017,CLOSED,14313.13467,0,14313.13467
39738,19/5/2017,8/19/2017,11/10/2017,CLOSED,12373.91189,0,12373.91189
39745,6/5/2017,5/8/2017,11/8/2017,CLOSED,9266.731651,0,9266.731651
39752,20/5/2017,7/13/2017,7/23/2017,CLOSED,2338.338135,0,2338.338135
39767,4/5/2017,6/30/2017,9/5/2017,CLOSED,1560.578352,0,1560.578352
39770,12/5/2017,8/17/2017,12/31/2017,CLOSED,3639.392463,0,3639.392463
39774,24/5/2017,5/25/2017,8/28/2017,CLOSED,2190.351952,0,2190.351952
39779,30/5/2017,7/9/2017,11/10/2017,CLOSED,7000,0,7000
39781,5/5/2017,8/30/2017,11/19/2017,CLOSED,14000,0,14000
39782,8/5/2017,7/22/2017,9/14/2017,CLOSED,7799.169237,0,7799.169237
39784,12/5/2017,6/1/2017,11/18/2017,CLOSED,5183.48721,0,5183.48721
39790,13/5/2017,8/25/2017,11/5/2017,CLOSED,8204.167956,0,8204.167956
39793,18/5/2017,6/22/2017,11/19/2017,CLOSED,13356.38072,0,13356.38072
39796,22/5/2017,11/17/2017,11/24/2017,CLOSED,6313.555351,0,6313.555351
39800,28/5/2017,6/3/2017,6/8/2017,CLOSED,4088.944416,0,4088.944416
39803,26/5/2017,6/1/2017,8/9/2017,CLOSED,7000,0,7000
39804,23/5/2017,9/2/2017,11/27/2017,CLOSED,3318.980318,0,3318.980318
39808,11/5/2017,6/10/2017,12/1/2017,CLOSED,4808.440584,0,4808.440584
39809,25/5/2017,6/25/2017,10/21/2017,CLOSED,0,0,0
39810,6/5/2017,7/6/2017,9/2/2017,CLOSED,6989.403481,0,6989.403481
39814,6/5/2017,10/21/2017,11/2/2017,CLOSED,5147.103081,0,5147.103081
39816,28/5/2017,5/29/2017,11/13/2017,CLOSED,7201.46604,0,7201.46604
39819,12/5/2017,7/7/2017,7/20/2017,CLOSED,3682.379262,0,3682.379262
39824,15/5/2017,6/24/2017,8/23/2017,CLOSED,6750.236708,0,6750.236708
39828,3/5/2017,5/27/2017,10/17/2017,CLOSED,14000,0,14000
39829,30/5/2017,7/3/2017,9/21/2017,CLOSED,4275.802729,0,4275.802729
39833,6/5/2017,8/8/2017,11/29/2017,CLOSED,4165.278449,0,4165.278449
39835,19/5/2017,5/22/2017,10/9/2017,CLOSED,12600.47892,0,12600.47892
39837,1/5/2017,8/26/2017,9/23/2017,CLOSED,0,0,0
39841,15/5/2017,7/26/2017,8/4/2017,CLOSED,7000,0,7000
39858,24/6/2017,9/5/2017,12/14/2017,CLOSED,3826.005896,0,3826.005896
39864,13/6/2017,6/22/2017,12/18/2017,CLOSED,10362.74667,0,10362.74667
39866,2/6/2017,6/4/2017,11/27/2017,CLOSED,2922.556761,0,2922.556761
39867,15/6/2017,6/16/2017,8/27/2017,CLOSED,9136.272842,0,9136.272842
39869,22/6/2017,9/11/2017,12/9/2017,CLOSED,0,0,0
39873,14/6/2017,6/15/2017,10/14/2017,CLOSED,9716.067299,0,9716.067299
39875,16/6/2017,10/4/2017,11/23/2017,CLOSED,2489.296704,0,2489.296704
39881,14/6/2017,6/19/2017,8/7/2017,CLOSED,0,0,0
39882,14/6/2017,8/9/2017,11/26/2017,CLOSED,19000,0,19000
39895,1/6/2017,6/3/2017,7/19/2017,CLOSED,0,0,0
39899,15/6/2017,9/23/2017,10/3/2017,CLOSED,9287.441334,0,9287.441334
39904,27/6/2017,8/8/2017,9/5/2017,CLOSED,18072.0016,0,18072.0016
39905,8/6/2017,8/27/2017,9/26/2017,CLOSED,4127.500199,0,4127.500199
39907,6/6/2017,6/17/2017,7/23/2017,CLOSED,12786.66055,0,12786.66055
39912,28/6/2017,9/16/2017,9/19/2017,CLOSED,9654.931793,0,9654.931793
39914,10/6/2017,6/21/2017,10/11/2017,CLOSED,7000,0,7000
39920,28/6/2017,10/13/2017,10/16/2017,CLOSED,14000,0,14000
39922,2/6/2017,7/31/2017,8/15/2017,CLOSED,6168.011548,0,6168.011548
39923,29/6/2017,8/15/2017,12/27/2017,CLOSED,4461.196054,0,4461.196054
39924,4/6/2017,6/6/2017,12/27/2017,CLOSED,5208.969081,0,5208.969081
39929,27/6/2017,7/5/2017,10/17/2017,CLOSED,6638.428259,0,6638.428259
39930,18/6/2017,8/7/2017,10/8/2017,CLOSED,10257.6877,0,10257.6877
39932,14/6/2017,6/30/2017,7/18/2017,CLOSED,0,0,0
39942,28/6/2017,7/6/2017,12/26/2017,CLOSED,12878.67396,0,12878.67396
39949,12/6/2017,7/30/2017,8/21/2017,CLOSED,0,0,0
39950,10/6/2017,7/28/2017,11/14/2017,CLOSED,9952.681628,0,9952.681628
39951,2/6/2017,6/18/2017,10/10/2017,CLOSED,13378.44829,0,13378.44829
39952,6/6/2017,7/21/2017,8/16/2017,CLOSED,4071.799171,0,4071.799171
39958,15/6/2017,6/16/2017,12/3/2017,CLOSED,3131.393008,0,3131.393008
39979,27/6/2017,9/14/2017,12/2/2017,CLOSED,3264.968378,0,3264.968378
39980,12/6/2017,7/25/2017,11/24/2017,CLOSED,14000,0,14000
39982,18/6/2017,6/27/2017,8/17/2017,CLOSED,3840.665155,0,3840.665155
39987,16/6/2017,7/7/2017,8/7/2017,CLOSED,4516.811677,0,4516.811677
39990,23/6/2017,7/14/2017,12/10/2017,CLOSED,3549.922987,0,3549.922987
39992,8/6/2017,6/21/2017,8/22/2017,CLOSED,2239.419473,0,2239.419473
39995,9/6/2017,8/6/2017,11/10/2017,CLOSED,9921.096691,0,9921.096691
39998,25/6/2017,10/12/2017,10/18/2017,CLOSED,6964.232766,0,6964.232766
40001,19/6/2017,8/26/2017,12/20/2017,CLOSED,1976.27656,0,1976.27656
40006,11/6/2017,10/27/2017,12/5/2017,CLOSED,4936.022766,0,4936.022766
40008,22/6/2017,9/12/2017,9/22/2017,CLOSED,2422.742639,0,2422.742639
40009,10/6/2017,8/5/2017,8/15/2017,CLOSED,6927.541893,0,6927.541893
40011,22/6/2017,6/26/2017,11/12/2017,CLOSED,1095.431266,0,1095.431266
40013,13/6/2017,7/16/2017,12/23/2017,CLOSED,18951.50813,0,18951.50813
40015,20/6/2017,11/30/2017,12/18/2017,CLOSED,13553.64397,0,13553.64397
40020,3/6/2017,7/27/2017,9/1/2017,CLOSED,5525.815371,0,5525.815371
40028,6/6/2017,6/24/2017,8/9/2017,CLOSED,0,0,0
40042,27/6/2017,8/6/2017,9/18/2017,CLOSED,12848.33529,0,12848.33529
40048,27/6/2017,9/17/2017,9/23/2017,CLOSED,0,0,0
40051,13/6/2017,7/12/2017,12/24/2017,CLOSED,3230.407734,0,3230.407734
40053,5/6/2017,9/28/2017,10/14/2017,CLOSED,7000,0,7000
40059,19/6/2017,10/29/2017,11/24/2017,CLOSED,4127.89729,0,4127.89729
40062,23/6/2017,7/27/2017,10/31/2017,CLOSED,8775.973825,0,8775.973825
40065,2/6/2017,6/12/2017,8/23/2017,CLOSED,1010.00683,0,1010.00683
40066,9/6/2017,6/30/2017,12/5/2017,CLOSED,3800.161669,0,3800.161669
40067,14/6/2017,12/7/2017,12/9/2017,CLOSED,0,0,0
40069,10/6/2017,8/7/2017,12/28/2017,CLOSED,1322.228093,0,1322.228093
40072,16/6/2017,7/13/2017,9/21/2017,CLOSED,12417.56128,0,12417.56128
40074,7/6/2017,8/11/2017,10/26/2017,CLOSED,2492.454439,0,2492.454439
40076,11/6/2017,6/27/2017,10/17/2017,CLOSED,12052.92471,0,12052.92471
40077,12/6/2017,7/5/2017,8/6/2017,CLOSED,0,0,0
40081,4/6/2017,7/4/2017,11/7/2017,CLOSED,4740.867957,0,4740.867957
40082,1/6/2017,8/20/2017,11/23/2017,CLOSED,7000,0,7000
40093,26/6/2017,8/21/2017,12/19/2017,CLOSED,8094.278909,0,8094.278909
40094,20/6/2017,6/29/2017,7/14/2017,CLOSED,5030.908438,0,5030.908438
40095,11/6/2017,8/21/2017,9/8/2017,CLOSED,13301.15421,0,13301.15421
40096,3/6/2017,10/17/2017,10/18/2017,CLOSED,5124.866152,0,5124.866152
40097,25/6/2017,9/13/2017,12/3/2017,CLOSED,7554.947657,0,7554.947657
40106,15/6/2017,7/29/2017,9/25/2017,CLOSED,0,0,0
40107,2/6/2017,9/17/2017,10/7/2017,CLOSED,1930.459054,0,1930.459054
40114,18/6/2017,9/1/2017,9/7/2017,CLOSED,2858.511291,0,2858.511291
40115,4/6/2017,8/7/2017,11/22/2017,CLOSED,9934.967776,0,9934.967776
40133,28/6/2017,7/10/2017,7/18/2017,CLOSED,14040.59861,0,14040.59861
40134,21/6/2017,10/20/2017,10/31/2017,CLOSED,7000,0,7000
40142,30/7/2017,8/6/2017,12/8/2017,CLOSED,7000,0,7000
40147,15/7/2017,10/11/2017,10/16/2017,CLOSED,1064.718094,0,1064.718094
40157,4/7/2017,7/11/2017,11/26/2017,CLOSED,4133.482046,0,4133.482046
40161,16/7/2017,7/21/2017,9/2/2017,CLOSED,14986.71668,0,14986.71668
40165,1/7/2017,7/22/2017,12/6/2017,CLOSED,8611.767297,0,8611.767297
40168,18/7/2017,8/12/2017,12/24/2017,CLOSED,7000,0,7000
40175,30/7/2017,8/15/2017,10/2/2017,CLOSED,9894.201848,0,9894.201848
40196,3/7/2017,7/11/2017,9/11/2017,CLOSED,7000,0,7000
40199,2/7/2017,9/21/2017,11/30/2017,CLOSED,10762.99594,0,10762.99594
40200,3/7/2017,11/1/2017,12/6/2017,CLOSED,3639.645177,0,3639.645177
40209,3/7/2017,8/1/2017,12/11/2017,CLOSED,14000,0,14000
40211,6/7/2017,9/22/2017,11/29/2017,CLOSED,5102.313846,0,5102.313846
40216,22/7/2017,8/7/2017,10/12/2017,CLOSED,10924.68652,0,10924.68652
40217,19/7/2017,7/20/2017,12/8/2017,CLOSED,4866.012511,0,4866.012511
40220,28/7/2017,9/1/2017,10/26/2017,CLOSED,903.5203405,0,903.5203405
40232,9/7/2017,7/20/2017,7/26/2017,CLOSED,14000,0,14000
40237,3/7/2017,7/17/2017,7/29/2017,CLOSED,2681.847924,0,2681.847924
40245,16/7/2017,9/11/2017,9/22/2017,CLOSED,4900.146896,0,4900.146896
40251,10/7/2017,9/21/2017,12/4/2017,CLOSED,1691.131193,0,1691.131193
40264,17/7/2017,8/16/2017,10/19/2017,CLOSED,0,0,0
40265,26/7/2017,8/19/2017,9/6/2017,CLOSED,3425.50566,0,3425.50566
40273,25/7/2017,8/13/2017,9/15/2017,CLOSED,13481.12519,0,13481.12519
40274,26/7/2017,10/3/2017,10/25/2017,CLOSED,7000,0,7000
40276,28/7/2017,9/6/2017,10/26/2017,CLOSED,4035.719682,0,4035.719682
40278,13/7/2017,9/6/2017,9/23/2017,CLOSED,4011.094391,0,4011.094391
40279,23/7/2017,7/24/2017,11/17/2017,CLOSED,3463.031458,0,3463.031458
40280,16/7/2017,7/23/2017,9/20/2017,CLOSED,10777.88471,0,10777.88471
40281,9/7/2017,8/31/2017,9/9/2017,CLOSED,19000,0,19000
40290,3/7/2017,8/4/2017,9/25/2017,CLOSED,7000,0,7000
40291,25/7/2017,9/20/2017,9/21/2017,CLOSED,8245.422631,0,8245.422631
40297,11/7/2017,8/20/2017,12/26/2017,CLOSED,2879.434928,0,2879.434928
40298,24/7/2017,8/11/2017,9/24/2017,CLOSED,0,0,0
40305,25/7/2017,9/13/2017,12/12/2017,CLOSED,7000,0,7000
40311,26/7/2017,8/30/2017,12/17/2017,CLOSED,4457.04339,0,4457.04339
40319,7/7/2017,8/18/2017,12/10/2017,CLOSED,4156.680352,0,4156.680352
40329,9/7/2017,8/13/2017,11/20/2017,CLOSED,5196.520069,0,5196.520069
40333,20/7/2017,9/8/2017,11/17/2017,CLOSED,7000,0,7000
40334,22/7/2017,8/30/2017,11/9/2017,CLOSED,2865.408732,0,2865.408732
40335,9/7/2017,7/24/2017,10/13/2017,CLOSED,1809.707253,0,1809.707253
40338,5/7/2017,9/1/2017,10/17/2017,CLOSED,1299.265251,0,1299.265251
40352,21/7/2017,7/31/2017,8/28/2017,CLOSED,0,0,0
40356,21/7/2017,8/24/2017,11/24/2017,CLOSED,13438.22911,0,13438.22911
40368,23/7/2017,8/28/2017,11/19/2017,CLOSED,2245.639475,0,2245.639475
40370,5/7/2017,10/21/2017,11/2/2017,CLOSED,0,0,0
40371,13/7/2017,8/3/2017,8/14/2017,CLOSED,5815.930718,0,5815.930718
40373,30/7/2017,8/6/2017,10/17/2017,CLOSED,10708.07872,0,10708.07872
40375,20/7/2017,7/21/2017,7/30/2017,CLOSED,5145.487269,0,5145.487269
40385,3/7/2017,7/10/2017,7/30/2017,CLOSED,7000,0,7000
40392,17/7/2017,9/27/2017,12/1/2017,CLOSED,0,0,0
40395,1/7/2017,7/24/2017,8/9/2017,CLOSED,9931.591983,0,9931.591983
40404,28/7/2017,8/12/2017,8/29/2017,CLOSED,4329.660573,0,4329.660573
40405,3/7/2017,9/19/2017,11/26/2017,CLOSED,18110.56878,0,18110.56878
40407,2/7/2017,7/13/2017,12/9/2017,CLOSED,14650.46049,0,14650.46049
40415,5/7/2017,7/9/2017,10/17/2017,CLOSED,4880.884425,0,4880.884425
40421,12/7/2017,7/21/2017,10/16/2017,CLOSED,3181.015671,0,3181.015671
40423,20/7/2017,9/10/2017,9/11/2017,CLOSED,7000,0,7000
40428,7/7/2017,9/4/2017,10/18/2017,CLOSED,0,0,0
40430,24/7/2017,8/8/2017,11/30/2017,CLOSED,7757.126435,0,7757.126435
40431,8/7/2017,7/29/2017,9/13/2017,CLOSED,3806.670959,0,3806.670959
40433,7/7/2017,7/29/2017,12/26/2017,CLOSED,6184.221192,0,6184.221192
40435,5/7/2017,8/6/2017,8/16/2017,CLOSED,10910.09624,0,10910.09624
40440,25/7/2017,7/28/2017,7/30/2017,CLOSED,0,0,0
40445,23/7/2017,11/4/2017,12/11/2017,CLOSED,4699.625426,0,4699.625426
40450,25/7/2017,10/5/2017,10/29/2017,CLOSED,13274.07323,0,13274.07323
40456,23/7/2017,12/28/2017,12/29/2017,CLOSED,14554.44396,0,14554.44396
40457,30/7/2017,9/3/2017,9/27/2017,CLOSED,19000,0,19000
40459,20/7/2017,8/31/2017,9/7/2017,CLOSED,3595.281087,0,3595.281087
40474,17/7/2017,9/29/2017,10/8/2017,CLOSED,3849.913469,0,3849.913469
40476,2/7/2017,7/8/2017,12/3/2017,CLOSED,14000,0,14000
40487,8/8/2017,8/30/2017,12/12/2017,CLOSED,7000,0,7000
40492,11/8/2017,8/25/2017,12/2/2017,CLOSED,12126.10224,0,12126.10224
40497,28/8/2017,9/7/2017,10/9/2017,CLOSED,17820.32431,0,17820.32431
40498,11/8/2017,8/15/2017,9/8/2017,CLOSED,0,0,0
40516,29/8/2017,10/3/2017,11/10/2017,CLOSED,14000,0,14000
40525,17/8/2017,10/20/2017,12/21/2017,CLOSED,7000,0,7000
40526,19/8/2017,9/9/2017,11/8/2017,CLOSED,11545.51028,0,11545.51028
40530,11/8/2017,11/1/2017,12/12/2017,CLOSED,7458.376196,0,7458.376196
40533,25/8/2017,8/26/2017,10/25/2017,CLOSED,3606.042087,0,3606.042087
40549,22/8/2017,9/19/2017,10/26/2017,CLOSED,10445.12537,0,10445.12537
40573,13/8/2017,9/19/2017,11/19/2017,CLOSED,3601.036848,0,3601.036848
40578,3/8/2017,10/30/2017,11/22/2017,CLOSED,5184.00904,0,5184.00904
40584,20/8/2017,8/21/2017,10/21/2017,CLOSED,3155.364841,0,3155.364841
40585,29/8/2017,11/6/2017,12/23/2017,CLOSED,16105.52594,0,16105.52594
40604,13/8/2017,10/22/2017,11/26/2017,CLOSED,0,0,0
40606,1/8/2017,9/25/2017,10/8/2017,CLOSED,3282.176469,0,3282.176469
40613,7/8/2017,8/28/2017,9/13/2017,CLOSED,7000,0,7000
40616,26/8/2017,8/27/2017,12/1/2017,CLOSED,2566.009923,0,2566.009923
40619,21/8/2017,10/24/2017,11/17/2017,CLOSED,0,0,0
40625,1/8/2017,8/10/2017,10/12/2017,CLOSED,8293.786957,0,8293.786957
40630,8/8/2017,9/4/2017,9/18/2017,CLOSED,0,0,0
40635,25/8/2017,9/21/2017,11/17/2017,CLOSED,4441.119226,0,4441.119226
40646,20/8/2017,10/5/2017,12/15/2017,CLOSED,14000,0,14000
40651,12/8/2017,10/30/2017,12/15/2017,CLOSED,19000,0,19000
40656,3/8/2017,8/12/2017,10/19/2017,CLOSED,7886.081848,0,7886.081848
40662,5/8/2017,8/31/2017,9/5/2017,CLOSED,0,0,0
40675,29/8/2017,10/14/2017,11/8/2017,CLOSED,7000,0,7000
40678,28/8/2017,9/15/2017,11/3/2017,CLOSED,6130.347749,0,6130.347749
40693,2/8/2017,9/19/2017,12/31/2017,CLOSED,7000,0,7000
40695,29/8/2017,11/4/2017,12/11/2017,CLOSED,7985.439484,0,7985.439484
40696,18/8/2017,9/4/2017,12/12/2017,CLOSED,11676.89513,0,11676.89513
40705,26/8/2017,10/9/2017,10/26/2017,CLOSED,7263.809876,0,7263.809876
40710,24/8/2017,10/16/2017,11/9/2017,CLOSED,6226.431346,0,6226.431346
40714,25/8/2017,8/28/2017,9/26/2017,CLOSED,7000,0,7000
40722,24/8/2017,8/26/2017,12/22/2017,CLOSED,0,0,0
40738,1/8/2017,8/2/2017,11/27/2017,CLOSED,10743.40202,0,10743.40202
40743,5/8/2017,9/23/2017,10/5/2017,CLOSED,10892.33904,0,10892.33904
40744,2/8/2017,11/10/2017,12/26/2017,CLOSED,9920.917147,0,9920.917147
40750,11/8/2017,10/18/2017,12/8/2017,CLOSED,19000,0,19000
40757,27/8/2017,9/28/2017,11/14/2017,CLOSED,0,0,0
40761,5/8/2017,10/4/2017,10/21/2017,CLOSED,10211.44893,0,10211.44893
40767,26/8/2017,8/27/2017,11/22/2017,CLOSED,11279.13778,0,11279.13778
40770,6/8/2017,8/10/2017,12/30/2017,CLOSED,6883.578126,0,6883.578126
40773,20/8/2017,10/5/2017,10/30/2017,CLOSED,4095.993001,0,4095.993001
40779,30/8/2017,10/31/2017,12/7/2017,CLOSED,3331.569746,0,3331.569746
40782,13/8/2017,10/29/2017,12/15/2017,CLOSED,15229.85721,0,15229.85721
40787,30/8/2017,11/9/2017,12/27/2017,CLOSED,3919.269887,0,3919.269887
40798,7/8/2017,10/4/2017,10/25/2017,CLOSED,19000,0,19000
40805,3/8/2017,12/7/2017,12/26/2017,CLOSED,4666.609234,0,4666.609234
40806,30/8/2017,9/15/2017,10/7/2017,CLOSED,0,0,0
40807,9/8/2017,8/13/2017,11/10/2017,CLOSED,1840.216618,0,1840.216618
40815,4/9/2017,9/9/2017,9/13/2017,CLOSED,11254.79364,0,11254.79364
40825,21/9/2017,11/2/2017,11/7/2017,CLOSED,11326.2484,0,11326.2484
40831,14/9/2017,9/22/2017,12/17/2017,CLOSED,4706.428897,0,4706.428897
40833,21/9/2017,10/17/2017,11/21/2017,CLOSED,6966.409334,0,6966.409334
40857,16/9/2017,10/15/2017,10/16/2017,CLOSED,18641.68811,0,18641.68811
40861,20/9/2017,10/13/2017,12/21/2017,CLOSED,7000,0,7000
40862,5/9/2017,10/22/2017,12/31/2017,CLOSED,7000,0,7000
40877,22/9/2017,10/27/2017,12/27/2017,CLOSED,14000,0,14000
40879,18/9/2017,11/12/2017,12/28/2017,CLOSED,3268.171985,0,3268.171985
40886,19/9/2017,10/2/2017,12/15/2017,CLOSED,7000,0,7000
40889,16/9/2017,10/7/2017,10/14/2017,CLOSED,834.4631183,0,834.4631183
40891,19/9/2017,11/4/2017,11/13/2017,CLOSED,5414.681137,0,5414.681137
40907,10/9/2017,11/7/2017,12/12/2017,CLOSED,7000,0,7000
40925,19/9/2017,11/6/2017,11/28/2017,CLOSED,8789.490827,0,8789.490827
40926,14/9/2017,11/11/2017,11/16/2017,CLOSED,3765.665464,0,3765.665464
40936,1/9/2017,9/20/2017,12/28/2017,CLOSED,10899.02689,0,10899.02689
40938,16/9/2017,10/16/2017,10/30/2017,CLOSED,4057.876904,0,4057.876904
40962,26/9/2017,11/23/2017,12/3/2017,CLOSED,7000,0,7000
40969,28/9/2017,12/1/2017,12/30/2017,CLOSED,0,0,0
40997,3/9/2017,10/11/2017,11/8/2017,CLOSED,7000,0,7000
41023,18/9/2017,11/2/2017,12/2/2017,CLOSED,14000,0,14000
41024,3/9/2017,9/12/2017,12/21/2017,CLOSED,7000,0,7000
41030,19/9/2017,9/20/2017,12/16/2017,CLOSED,7481.574433,0,7481.574433
41031,27/9/2017,10/7/2017,11/22/2017,CLOSED,8892.859714,0,8892.859714
41034,17/9/2017,9/25/2017,10/26/2017,CLOSED,3676.613458,0,3676.613458
41039,2/9/2017,9/27/2017,10/16/2017,CLOSED,6106.018135,0,6106.018135
41041,12/9/2017,11/18/2017,11/23/2017,CLOSED,7000,0,7000
41045,5/9/2017,9/12/2017,9/14/2017,CLOSED,7334.382935,0,7334.382935
41064,24/9/2017,9/27/2017,12/14/2017,CLOSED,4177.137167,0,4177.137167
41081,8/9/2017,11/4/2017,12/25/2017,CLOSED,11431.61381,0,11431.61381
41086,25/9/2017,11/1/2017,12/31/2017,CLOSED,4922.77519,0,4922.77519
41094,4/9/2017,9/30/2017,12/29/2017,CLOSED,7000,0,7000
41104,21/9/2017,11/9/2017,12/21/2017,CLOSED,7283.155159,0,7283.155159
41106,6/9/2017,9/24/2017,12/26/2017,CLOSED,1178.074064,0,1178.074064
41127,4/9/2017,10/21/2017,12/20/2017,CLOSED,6520.721068,0,6520.721068
41131,10/9/2017,9/20/2017,11/26/2017,CLOSED,7682.714341,0,7682.714341
41148,25/9/2017,10/6/2017,11/13/2017,CLOSED,9328.230554,0,9328.230554
41150,14/9/2017,10/13/2017,11/3/2017,CLOSED,9890.684554,0,9890.684554
41152,15/9/2017,9/21/2017,12/12/2017,CLOSED,5216.106609,0,5216.106609
41156,14/9/2017,9/19/2017,12/16/2017,CLOSED,8058.942192,0,8058.942192
41187,17/10/2017,11/26/2017,12/6/2017,CLOSED,7000,0,7000
41228,15/10/2017,11/17/2017,12/2/2017,CLOSED,2975.639951,0,2975.639951
41239,28/10/2017,11/20/2017,12/3/2017,CLOSED,4759.155421,0,4759.155421
41244,29/10/2017,11/12/2017,12/15/2017,CLOSED,5228.738092,0,5228.738092
41247,9/10/2017,10/10/2017,12/11/2017,CLOSED,0,0,0
41291,26/10/2017,11/28/2017,12/7/2017,CLOSED,6966.771364,0,6966.771364
41292,5/10/2017,10/10/2017,11/15/2017,CLOSED,10624.8305,0,10624.8305
41299,19/10/2017,11/5/2017,12/10/2017,CLOSED,0,0,0
41320,8/10/2017,12/5/2017,12/20/2017,CLOSED,11582.58858,0,11582.58858
41341,13/10/2017,11/12/2017,12/1/2017,CLOSED,10226.08706,0,10226.08706
41347,18/10/2017,11/6/2017,11/9/2017,CLOSED,2461.237053,0,2461.237053
41348,2/10/2017,11/5/2017,12/13/2017,CLOSED,4794.495343,0,4794.495343
41353,5/10/2017,11/2/2017,12/14/2017,CLOSED,5112.960175,0,5112.960175
41368,28/10/2017,11/17/2017,11/27/2017,CLOSED,3170.898384,0,3170.898384
41373,18/10/2017,10/19/2017,12/6/2017,CLOSED,0,0,0
41377,5/10/2017,10/12/2017,12/10/2017,CLOSED,7000,0,7000
41401,21/10/2017,10/26/2017,11/8/2017,CLOSED,8271.587405,0,8271.587405
41420,2/10/2017,11/24/2017,12/5/2017,CLOSED,7000,0,7000
41423,29/10/2017,11/4/2017,12/9/2017,CLOSED,4450.690748,0,4450.690748
41428,20/10/2017,10/30/2017,12/26/2017,CLOSED,7000,0,7000
41435,13/10/2017,11/20/2017,11/23/2017,CLOSED,5033.205646,0,5033.205646
41454,29/10/2017,12/2/2017,12/3/2017,CLOSED,13347.25831,0,13347.25831
41460,15/10/2017,10/23/2017,11/1/2017,CLOSED,5475.4379,0,5475.4379
41461,19/10/2017,10/20/2017,12/19/2017,CLOSED,7000,0,7000
41582,4/11/2017,11/11/2017,11/13/2017,CLOSED,4088.116947,0,4088.116947
41596,14/11/2017,11/20/2017,12/25/2017,CLOSED,10599.33328,0,10599.33328
41845,1/11/2017,12/4/2017,12/23/2017,CLOSED,0,0,0
41903,13/12/2017,12/22/2017,12/30/2017,CLOSED,10748.02515,0,10748.02515
